method_option,model,accuracy,precision,recall,f1
(f),Random Forest,0.9197026022304833,0.07692307692307693,0.09433962264150944,0.0847457627118644
(h),Gaussian Naive Bayes,0.9159851301115242,0.2,0.37735849056603776,0.26143790849673204
(c),Support Vector Classifier,0.866914498141264,0.13793103448275862,0.4528301886792453,0.21145374449339208
(a),Logistic Regression,0.8646840148698884,0.08917197452229299,0.2641509433962264,0.13333333333333333
